{
  "H_Z_bits": 0.9999999999999998,
  "Hmin_Z_bits": 0.9999999999999993,
  "H_QFT_bits": 1.5,
  "Hmin_QFT_bits": 0.9999999999999993,
  "flatness": 0.0002990697562442451,
  "d": 4,
  "basis_pair": "Z/QFT",
  "version": 1
}
