{
  "backend": "ibm_torino",
  "shots": 256,
  "S": -0.015625,
  "terms": {
    "Eab": 0.2265625,
    "Eabp": 0.640625,
    "Eapb": -0.5,
    "Eapbp": 0.3828125
  },
  "jobs": {
    "Eab": "d3leuc8dd19c7396v3eg",
    "Eabp": "d3leudr4kkus739cm740",
    "Eapb": "d3leuehfk6qs73e6tc1g",
    "Eapbp": "d3leug1fk6qs73e6tc30"
  },
  "angles_rad": {
    "Eab": {
      "A": 0.0,
      "B": 0.7853981633974483
    },
    "Eabp": {
      "A": 0.0,
      "B": -0.7853981633974483
    },
    "Eapb": {
      "A": 1.5707963267948966,
      "B": 0.7853981633974483
    },
    "Eapbp": {
      "A": 1.5707963267948966,
      "B": -0.7853981633974483
    }
  },
  "timestamp": "2025-10-11T19:59:00"
}