{
  "N": 8,
  "method": "ridge(1e-06)",
  "spectral_radius": 0.9999999900295184,
  "residual_frob": 0.1792073034552331,
  "cond": 2621143334.2211757,
  "eigenvalues": [
    [
      0.9999999900295184,
      0.0
    ],
    [
      -0.867980154277674,
      0.0
    ],
    [
      0.14163831773580837,
      0.5328792325779438
    ],
    [
      0.14163831773580837,
      -0.5328792325779438
    ],
    [
      -0.3935151749959892,
      0.0
    ],
    [
      0.35127575694778695,
      0.0
    ],
    [
      0.001923381707951509,
      0.0
    ],
    [
      6.549919764048025e-05,
      0.0
    ]
  ],
  "comment": "1D logistic, monomial dictionary"
}