{
  "c": 0.5155788422885252,
  "a": -0.37601373850502073,
  "psi": -3.1066860685499065,
  "visibility": 0.7520274770100415,
  "R2": 0.9900501219320302,
  "backend": "ibm_torino",
  "shots": "256"
}