{
  "Eab": { "A": 0.0, "B": 0.7853981633974483 },
  "Eabp": { "A": 0.0, "B": -0.7853981633974483 },
  "Eapb": { "A": 1.5707963267948966, "B": 0.7853981633974483 },
  "Eapbp": { "A": 1.5707963267948966, "B": -0.7853981633974483 }
}
